[
  {
    "Club/ Volunteer team": "Club",
    "Name of it ": "Entrepreneurship Club",
    "The email": "Entrepreneurship_Club@htu.edu.jo",
    "Instagram account link": "https://www.instagram.com/entrepreneurship_htu?utm_source=ig_web_button_share_sheet&igsh=ZDNlZDc0MzIxNw==",
    "What is yours club or volunteer team about ?": "نادٍ يهدف إلى إلهام الطلبة لتحويل أفكارهم إلى مشاريع، ومن أبرز أنشطته تنظيم محاضرات وغيره"
  },
  {
    "Club/ Volunteer team": "Club",
    "Name of it ": "HTU Green Community ",
    "The email": "GreenCommunity@htu.edu.jo",
    "Instagram account link": "https://www.instagram.com/greencommunity_htu?utm_source=ig_web_button_share_sheet&igsh=ZDNlZDc0MzIxNw==",
    "What is yours club or volunteer team about ?": "نادٍ يهدف إلى رفع الوعي البيئي وتشجيع الاستدامةعن طريق مؤتمرات بيئية، مسابقات ابتكار، ورش توعية. أهداف."
  },
  {
    "Club/ Volunteer team": "Club",
    "Name of it ": "Astrotech Club (ATC)",
    "The email": "ATC_Club@htu.edu.jo",
    "Instagram account link": "https://www.instagram.com/astrotech.club?utm_source=ig_web_button_share_sheet&igsh=ZDNlZDc0MzIxNw==",
    "What is yours club or volunteer team about ?": "نادٍ يهدف إلى تعزيز الابتكار في علوم الفضاء وبناء شبكة علاقات مهنية."
  },
  {
    "Club/ Volunteer team": "Club",
    "Name of it ": "Game Development and VR Club (GDVC)",
    "The email": "GDVC.SCI@htu.edu.jo",
    "Instagram account link": "https://www.instagram.com/gdvc.htu?utm_source=ig_web_button_share_sheet&igsh=ZDNlZDc0MzIxNw==",
    "What is yours club or volunteer team about ?": "نادٍ يهدف إلى بناء مجتمع شغوف بالألعاب والـ VR وربط الطلاب بالصناعة."
  },
  {
    "Club/ Volunteer team": "Club",
    "Name of it ": "Cyber Security Club (CSC)",
    "The email": "csc@htu.edu.jo",
    "Instagram account link": "https://www.instagram.com/csc.htu?utm_source=ig_web_button_share_sheet&igsh=ZDNlZDc0MzIxNw==",
    "What is yours club or volunteer team about ?": "نادٍ يهدف إلى تطوير مهارات الأمن السيبراني ورفع الوعي بالتهديدات الرقمية."
  },
  {
    "Club/ Volunteer team": "Club",
    "Name of it ": "Data Science Club (DSC)",
    "The email": "DataScience_Club@htu.edu.jo",
    "Instagram account link": "https://www.instagram.com/dsc.htu?utm_source=ig_web_button_share_sheet&igsh=ZDNlZDc0MzIxNw==",
    "What is yours club or volunteer team about ?": "نادٍ يهدف إلى بناء مجتمع مهتم بعلوم البيانات والذكاء الاصطناعي."
  },
  {
    "Club/ Volunteer team": "Club",
    "Name of it ": "IEEE RAS Club",
    "The email": "N/A",
    "Instagram account link": "https://www.instagram.com/ieee_ras_htu?utm_source=ig_web_button_share_sheet&igsh=ZDNlZDc0MzIxNw==",
    "What is yours club or volunteer team about ?": "نادٍ يهدف إلى تنمية مهارات الstem وتكوين مجتمع مهتم بالروبوتات"
  },
  {
    "Club/ Volunteer team": "Club",
    "Name of it ": "ACM Club",
    "The email": "ACM_HTU@HTU.EDU.JO",
    "Instagram account link": "https://www.instagram.com/acmhtu?utm_source=ig_web_button_share_sheet&igsh=ZDNlZDc0MzIxNw==",
    "What is yours club or volunteer team about ?": "نادٍ يهدف إلى تنمية مهارة حل المشاكل الحاسوبية (problem solving) والتحضير للمسابقات البرمجية (CPC) "
  },
  {
    "Club/ Volunteer team": "Club",
    "Name of it ": "Google Developers Group Club (GDG)",
    "The email": "gdg_club@htu.edu.jo",
    "Instagram account link": "https://www.instagram.com/gdg_htu?utm_source=ig_web_button_share_sheet&igsh=ZDNlZDc0MzIxNw==",
    "What is yours club or volunteer team about ?": "نادٍ يهدف إلى تمكين الطلبة من تقنيات Google وانخراطهم في أمور متعلقة بسوق العمل العالمي، ومن أبرز أنشطته الهاكاثونات وورشات البرمجة."
  },
  {
    "Club/ Volunteer team": "Club",
    "Name of it ": "AEE Club",
    "The email": "AEE_HTU@htu.edu.jo",
    "Instagram account link": "https://www.instagram.com/aee_htu?utm_source=ig_web_button_share_sheet&igsh=ZDNlZDc0MzIxNw==",
    "What is yours club or volunteer team about ?": "نادٍ يهدف إلى نشر ثقافة الطاقة المستدامة، ومن أبرز أنشطته الزيارات الميدانية والمؤتمرات."
  },
  {
    "Club/ Volunteer team": "Club",
    "Name of it ": "IEEE HTU",
    "The email": "IEEE_HTU@htu.edu.jo",
    "Instagram account link": "https://www.instagram.com/ieeehtu?utm_source=ig_web_button_share_sheet&igsh=ZDNlZDc0MzIxNw==",
    "What is yours club or volunteer team about ?": "نادٍ يهدف إلى تمكين الطلبة في مجالات STEM، ومن أبرز أنشطته مسابقات البرمجة وورش العمل."
  },
  {
    "Club/ Volunteer team": "Club",
    "Name of it ": "Institute of Industrial and Systems Engineers (IISE)",
    "The email": "IISE_Club@htu.edu.jo",
    "Instagram account link": "https://www.instagram.com/iise_htu?utm_source=ig_web_button_share_sheet&igsh=ZDNlZDc0MzIxNw==",
    "What is yours club or volunteer team about ?": "نادٍ يهدف إلى نشر ثقافة الهندسة الصناعية، ومن أبرز أنشطته ورش Power BI والزيارات الميدانية."
  },
  {
    "Club/ Volunteer team": "Club",
    "Name of it ": "Quds Club ",
    "The email": "Quds-HTU@htu.edu.jo",
    "Instagram account link": "https://www.instagram.com/quds.htu?utm_source=ig_web_button_share_sheet&igsh=ZDNlZDc0MzIxNw==",
    "What is yours club or volunteer team about ?": "نادٍ يهدف إلى رفع الوعي بالقضية الفلسطينية، ومن أبرز أنشطته الحواريات, Gazathon وفعاليات عن فلسطين."
  },
  {
    "Club/ Volunteer team": "Club",
    "Name of it ": "Political Youth Club (PYC)",
    "The email": "Politic_youthclub@htu.edu.jo",
    "Instagram account link": "https://www.instagram.com/politicalclub.htu?utm_source=ig_web_button_share_sheet&igsh=ZDNlZDc0MzIxNw==",
    "What is yours club or volunteer team about ?": "نادٍ يهدف إلى رفع الوعي السياسي بين الطلبة، ومن أبرز أنشطته الندوات والحوارات مع المسؤولين."
  },
  {
    "Club/ Volunteer team": "Club",
    "Name of it ": "Film Club ",
    "The email": "film.club@htu.edu.jo",
    "Instagram account link": "https://www.instagram.com/filmclub.htu?utm_source=ig_web_button_share_sheet&igsh=ZDNlZDc0MzIxNw==",
    "What is yours club or volunteer team about ?": "نادٍ يهدف إلى دعم الإبداع السينمائي، ومن أبرز أنشطته عرض الأفلام القصيرة."
  },
  {
    "Club/ Volunteer team": "Club",
    "Name of it ": "Art Club",
    "The email": "artclubhtu@gmail.com",
    "Instagram account link": "https://www.instagram.com/htuartclub?utm_source=ig_web_button_share_sheet&igsh=ZDNlZDc0MzIxNw==",
    "What is yours club or volunteer team about ?": "نادٍ يهدف إلى تنمية المواهب الفنية، ومن أبرز أنشطته المعارض والمسابقات الفنية."
  },
  {
    "Club/ Volunteer team": "Club",
    "Name of it ": "Music Club",
    "The email": "N/A",
    "Instagram account link": "https://www.instagram.com/htu_music_club?utm_source=ig_web_button_share_sheet&igsh=ZDNlZDc0MzIxNw==",
    "What is yours club or volunteer team about ?": "نادٍ يهدف إلى دعم المواهب الموسيقية، ومن أبرز أنشطته الجلسات الموسيقية  والمشاركة في المناسبات المختلفة."
  },
  {
    "Club/ Volunteer team": "Club",
    "Name of it ": "Debate Club",
    "The email": "debate-club@htu.edu.jo",
    "Instagram account link": "https://www.instagram.com/debateclub.htu?utm_source=ig_web_button_share_sheet&igsh=ZDNlZDc0MzIxNw==",
    "What is yours club or volunteer team about ?": "نادٍ يهدف إلى تطوير مهارات الخطابة والتفكير النقدي، ومن أبرز أنشطته Debatathon وتدريبات المناظرة."
  },
  {
    "Club/ Volunteer team": "Club",
    "Name of it ": "Sports Club",
    "The email": "SportClub@htu.edu.jo",
    "Instagram account link": "https://www.instagram.com/htusportsclub/?utm_source=ig_web_button_share_sheet",
    "What is yours club or volunteer team about ?": "نادٍ يهدف إلى تعزيز الرياضة بين الطلبة، ومن أبرز أنشطته البطولات الرياضية المختلفة."
  },
  {
    "Club/ Volunteer team": "Club",
    "Name of it ": "Chess Club (نادي الشطرنج)",
    "The email": "N/A",
    "Instagram account link": "https://www.instagram.com/htuchessclub?utm_source=ig_web_button_share_sheet&igsh=ZDNlZDc0MzIxNw==",
    "What is yours club or volunteer team about ?": "نادٍ يهدف إلى تنمية القدرات الذهنية والمهارات الاستراتيجية، ومن أبرز أنشطته البطولات والدورات التدريبية في الشطرنج."
  },
  {
    "Club/ Volunteer team": "Club",
    "Name of it ": "Creatrive Writing and Poetry Club",
    "The email": "Writing_Club@htu.edu.jo",
    "Instagram account link": "https://www.instagram.com/writing_htu?utm_source=ig_web_button_share_sheet&igsh=ZDNlZDc0MzIxNw==",
    "What is yours club or volunteer team about ?": "نادٍ يهدف إلى إطلاق الإبداع الأدبي وصقل مواهب الكتابة، ومن أبرز أنشطته ورش الكتابة التفاعلية والأمسيات الشعرية والمسابقات الأدبية."
  },
  {
    "Club/ Volunteer team": "Initiative",
    "Name of it ": "HTUMUN Initiative",
    "The email": "MUN@htu.edu.jo",
    "Instagram account link": "https://www.instagram.com/htumunjo?utm_source=ig_web_button_share_sheet&igsh=ZDNlZDc0MzIxNw==",
    "What is yours club or volunteer team about ?": "مبادرة تهدف إلى تطوير مهارات التفاوض والخطابة والدبلوماسية، ومن أبرز أنشطتها تنظيم محاكاة سنوية للأمم المتحدة بمشاركة مئات الطلبة."
  },
  {
    "Club/ Volunteer team": "Initiative",
    "Name of it ": "Dal Initiative",
    "The email": "Dal_Initiative@htu.edu.jo",
    "Instagram account link": "https://www.instagram.com/dal_htu?utm_source=ig_web_button_share_sheet&igsh=ZDNlZDc0MzIxNw==",
    "What is yours club or volunteer team about ?": "مبادرة تهدف إلى تعزيز التفاعل مع القرآن الكريم من خلال الحفظ والتجويد، ومن أبرز أنشطتها مسابقات قرآنية ورحلة عمرة للطلبة."
  },
  {
    "Club/ Volunteer team": "Initiative",
    "Name of it ": "HTU-Talks Initiative",
    "The email": "HTU_Talks@htu.edu.jo",
    "Instagram account link": "https://www.instagram.com/htu_talks?utm_source=ig_web_button_share_sheet&igsh=ZDNlZDc0MzIxNw==",
    "What is yours club or volunteer team about ?": "مبادرة تهدف إلى تنمية التفكير الاستراتيجي والرياضة الذهنية، ومن أبرز أنشطتها التدريبات والبطولات الجامعية."
  },
  {
    "Club/ Volunteer team": "Initiative",
    "Name of it ": "HTU-Aero Squad Initiative",
    "The email": "AeroSquad@htu.edu.jo",
    "Instagram account link": "https://www.instagram.com/aerosquad.jo?utm_source=ig_web_button_share_sheet&igsh=ZDNlZDc0MzIxNw==",
    "What is yours club or volunteer team about ?": "مبادرة تهدف إلى تعزيز مهارات الابتكار في الطيران والتكنولوجيا، ومن أبرز أنشطتها مسابقات الدرون وورش التصميم والبرمجة."
  },
  {
    "Club/ Volunteer team": "Initiative",
    "Name of it ": "HTU Cubing Initiative ",
    "The email": "Cubing_Initiative@htu.edu.jo",
    "Instagram account link": "https://www.instagram.com/cubing_htu?utm_source=ig_web_button_share_sheet&igsh=ZDNlZDc0MzIxNw==",
    "What is yours club or volunteer team about ?": "مبادرةٌ تهدف إلى تطوير مهارات حل المكعبات والتفكير الاستراتيجي، ومن أبرز أنشطتها البطولات والتدريبات التنافسية وورش تعلم الخوارزميات."
  },
  {
    "Club/ Volunteer team": "Volunteer team",
    "Name of it ": "Athar team",
    "The email": "Htu.athar@htu.edu.jo",
    "Instagram account link": "https://www.instagram.com/athar.htu?utm_source=ig_web_button_share_sheet&igsh=ZDNlZDc0MzIxNw==",
    "What is yours club or volunteer team about ?": "مبادرة طلابية تهدف إلى ترك أثر إيجابي في المجتمع الجامعي من خلال الأنشطة التطوعية والمشاريع التنموية، وتسعى إلى تعزيز روح العطاء والانتماء عبر مبادرات مجتمعية وفعاليات تفاعلية."
  },
  {
    "Club/ Volunteer team": "Volunteer team",
    "Name of it ": "Ushers team",
    "The email": "N/A",
    "Instagram account link": "N/A",
    "What is yours club or volunteer team about ?": "فريقٌ تطوعي يهدف إلى تنظيم وإدارة الفعاليات الجامعية المختلفة وتقديم الدعم اللوجستي."
  },
  {
    "Club/ Volunteer team": "Volunteer team",
    "Name of it ": "Takaful team",
    "The email": "Takafulteam@htu.edu.jo",
    "Instagram account link": "https://www.instagram.com/takafulhtu?utm_source=ig_web_button_share_sheet&igsh=ZDNlZDc0MzIxNw==",
    "What is yours club or volunteer team about ?": "فريقٌ تطوعي يهدف إلى نشر قيم التكافل والعطاء في المجتمع، ومن أبرز أنشطته توزيع السلال الغذائية وإفطارات الأيتام وورش الأنشطة الترفيهية."
  },
  {
    "Club/ Volunteer team": "Volunteer team",
    "Name of it ": "Siwar team ",
    "The email": "Siwar-club@htu.edu.jo",
    "Instagram account link": "https://www.instagram.com/siwar_team_htu?utm_source=ig_web_button_share_sheet&igsh=ZDNlZDc0MzIxNw==",
    "What is yours club or volunteer team about ?": "فريقٌ تطوعي يهدف إلى دعم مرضى السرطان ونشر الوعي حول المرض، ومن أبرز أنشطته الفعاليات الخيرية وحملات التوعية وجمع التبرعات لصناديق علاج السرطان."
  },
  {
    "Club/ Volunteer team": "Volunteer team",
    "Name of it ": "Ma'an team",
    "The email": "ma'an.team@htu.edu.jo  ",
    "Instagram account link": "https://www.instagram.com/maan_htu?utm_source=ig_web_button_share_sheet&igsh=ZDNlZDc0MzIxNw==",
    "What is yours club or volunteer team about ?": "فريقٌ تطوعي يهدف إلى رفع الوعي وتغيير التصورات حول الأشخاص ذوي الاحتياجات الخاصة، ومن أبرز أنشطته إفطارات رمضانية متخصصة وورش التوعية والأنشطة الترفيهية الشاملة."
  },
  {
    "Club/ Volunteer team": "Volunteer team",
    "Name of it ": "Torathuna team",
    "The email": "torathuna@htu.edu.jo",
    "Instagram account link": "https://www.instagram.com/torathuna.htu?utm_source=ig_web_button_share_sheet&igsh=ZDNlZDc0MzIxNw==",
    "What is yours club or volunteer team about ?": "فريقٌ تطوعي يهدف إلى الحفاظ على التراث العربي والإسلامي ونشره بين الطلبة من خلال الأنشطة الثقافية والفعاليات التراثية."
  },
  {
    "Club/ Volunteer team": "Culture team",
    "Name of it ": "Media team",
    "The email": "media@htu.edu.jo",
    "Instagram account link": "https://www.instagram.com/htu_media?utm_source=ig_web_button_share_sheet&igsh=ZDNlZDc0MzIxNw==",
    "What is yours club or volunteer team about ?": "فريقٌ يهدف إلى إنتاج المحتوى الإعلامي وتسويق الأنشطة الجامعية من خلال التصوير والمونتاج والنشر على وسائل التواصل الاجتماعي."
  },
  {
    "Club/ Volunteer team": "Culture team",
    "Name of it ": "Drama team",
    "The email": "N/A",
    "Instagram account link": "https://www.instagram.com/dramateam.htu?utm_source=ig_web_button_share_sheet&igsh=ZDNlZDc0MzIxNw==",
    "What is yours club or volunteer team about ?": "فريقٌ يهدف إلى تطوير المواهب المسرحية وتنظيم العروض المسرحية والفنية في الجامعة."
  },
  {
    "Club/ Volunteer team": "Culture team",
    "Name of it ": "Dabka team",
    "The email": "htu.nashama@htu.edu.jo",
    "Instagram account link": "N/A",
    "What is yours club or volunteer team about ?": "فريقٌ يهدف إلى الحفاظ على التراث الشعبي الأردني والفلسطيني من خلال تعليم فن الدبكة والرقص الشعبي."
  },
  {
    "Club/ Volunteer team": "Ambassadors",
    "Name of it ": "Huawei Ambassadors",
    "The email": "N/A",
    "Instagram account link": "N/A",
    "What is yours club or volunteer team about ?": "فريقٌ يهدف إلى تمثيل الجامعة في الأنشطة والمسابقات المختلفة وبناء العلاقات مع المؤسسات الخارجية."
  },
  {
    "Club/ Volunteer team": "Ambassadors",
    "Name of it ": "Tech Arabi Ambassadors",
    "The email": "N/A",
    "Instagram account link": "N/A",
    "What is yours club or volunteer team about ?": "فريقٌ يهدف إلى تمثيل الجامعة في الأنشطة والمسابقات المختلفة وبناء العلاقات مع المؤسسات الخارجية."
  },
  {
    "Club/ Volunteer team": "Ambassadors",
    "Name of it ": "Ambassadors for Giving",
    "The email": "N/A",
    "Instagram account link": "N/A",
    "What is yours club or volunteer team about ?": "فريقٌ يهدف إلى تمثيل الجامعة في الأنشطة والمسابقات المختلفة وبناء العلاقات مع المؤسسات الخارجية."
  },
  {
    "Club/ Volunteer team": "Ambassadors",
    "Name of it ": "Wellbeing Ambassadors",
    "The email": "N/A",
    "Instagram account link": "N/A",
    "What is yours club or volunteer team about ?": "فريقٌ يهدف إلى تمثيل الجامعة في الأنشطة والمسابقات المختلفة وبناء العلاقات مع المؤسسات الخارجية."
  },
  {
    "Club/ Volunteer team": "Ambassadors",
    "Name of it ": "Nahnu Ambassadors",
    "The email": "N/A",
    "Instagram account link": "N/A",
    "What is yours club or volunteer team about ?": "فريقٌ يهدف إلى تمثيل الجامعة في الأنشطة والمسابقات المختلفة وبناء العلاقات مع المؤسسات الخارجية."
  },
  {
    "Club/ Volunteer team": "Ambassadors",
    "Name of it ": "Shoman Ambassadors",
    "The email": "N/A",
    "Instagram account link": "N/A",
    "What is yours club or volunteer team about ?": "فريقٌ يهدف إلى تمثيل الجامعة في الأنشطة والمسابقات المختلفة وبناء العلاقات مع المؤسسات الخارجية."
  },
  {
    "Club/ Volunteer team": "Ambassadors",
    "Name of it ": "HTU Ambassadors Team",
    "The email": "N/A",
    "Instagram account link": "N/A",
    "What is yours club or volunteer team about ?": "فريقٌ يهدف إلى تمثيل الجامعة في الأنشطة والمسابقات المختلفة وبناء العلاقات مع المؤسسات الخارجية."
  }
]